time_sk,hour,minute,am_pm,time_band,shift_id
0,0,0,AM,Early Morning,1
1,0,1,AM,Early Morning,1
2,0,2,AM,Early Morning,1
3,0,3,AM,Early Morning,1
4,0,4,AM,Early Morning,1
5,0,5,AM,Early Morning,1
6,0,6,AM,Early Morning,1
7,0,7,AM,Early Morning,1
8,0,8,AM,Early Morning,1
9,0,9,AM,Early Morning,1
10,0,10,AM,Early Morning,1
11,0,11,AM,Early Morning,1
12,0,12,AM,Early Morning,1
13,0,13,AM,Early Morning,1
14,0,14,AM,Early Morning,1
15,0,15,AM,Early Morning,1
16,0,16,AM,Early Morning,1
17,0,17,AM,Early Morning,1
18,0,18,AM,Early Morning,1
19,0,19,AM,Early Morning,1
20,0,20,AM,Early Morning,1
21,0,21,AM,Early Morning,1
22,0,22,AM,Early Morning,1
23,0,23,AM,Early Morning,1
24,0,24,AM,Early Morning,1
25,0,25,AM,Early Morning,1
26,0,26,AM,Early Morning,1
27,0,27,AM,Early Morning,1
28,0,28,AM,Early Morning,1
29,0,29,AM,Early Morning,1
30,0,30,AM,Early Morning,1
31,0,31,AM,Early Morning,1
32,0,32,AM,Early Morning,1
33,0,33,AM,Early Morning,1
34,0,34,AM,Early Morning,1
35,0,35,AM,Early Morning,1
36,0,36,AM,Early Morning,1
37,0,37,AM,Early Morning,1
38,0,38,AM,Early Morning,1
39,0,39,AM,Early Morning,1
40,0,40,AM,Early Morning,1
41,0,41,AM,Early Morning,1
42,0,42,AM,Early Morning,1
43,0,43,AM,Early Morning,1
44,0,44,AM,Early Morning,1
45,0,45,AM,Early Morning,1
46,0,46,AM,Early Morning,1
47,0,47,AM,Early Morning,1
48,0,48,AM,Early Morning,1
49,0,49,AM,Early Morning,1
50,0,50,AM,Early Morning,1
51,0,51,AM,Early Morning,1
52,0,52,AM,Early Morning,1
53,0,53,AM,Early Morning,1
54,0,54,AM,Early Morning,1
55,0,55,AM,Early Morning,1
56,0,56,AM,Early Morning,1
57,0,57,AM,Early Morning,1
58,0,58,AM,Early Morning,1
59,0,59,AM,Early Morning,1
100,1,0,AM,Early Morning,1
101,1,1,AM,Early Morning,1
102,1,2,AM,Early Morning,1
103,1,3,AM,Early Morning,1
104,1,4,AM,Early Morning,1
105,1,5,AM,Early Morning,1
106,1,6,AM,Early Morning,1
107,1,7,AM,Early Morning,1
108,1,8,AM,Early Morning,1
109,1,9,AM,Early Morning,1
110,1,10,AM,Early Morning,1
111,1,11,AM,Early Morning,1
112,1,12,AM,Early Morning,1
113,1,13,AM,Early Morning,1
114,1,14,AM,Early Morning,1
115,1,15,AM,Early Morning,1
116,1,16,AM,Early Morning,1
117,1,17,AM,Early Morning,1
118,1,18,AM,Early Morning,1
119,1,19,AM,Early Morning,1
120,1,20,AM,Early Morning,1
121,1,21,AM,Early Morning,1
122,1,22,AM,Early Morning,1
123,1,23,AM,Early Morning,1
124,1,24,AM,Early Morning,1
125,1,25,AM,Early Morning,1
126,1,26,AM,Early Morning,1
127,1,27,AM,Early Morning,1
128,1,28,AM,Early Morning,1
129,1,29,AM,Early Morning,1
130,1,30,AM,Early Morning,1
131,1,31,AM,Early Morning,1
132,1,32,AM,Early Morning,1
133,1,33,AM,Early Morning,1
134,1,34,AM,Early Morning,1
135,1,35,AM,Early Morning,1
136,1,36,AM,Early Morning,1
137,1,37,AM,Early Morning,1
138,1,38,AM,Early Morning,1
139,1,39,AM,Early Morning,1
140,1,40,AM,Early Morning,1
141,1,41,AM,Early Morning,1
142,1,42,AM,Early Morning,1
143,1,43,AM,Early Morning,1
144,1,44,AM,Early Morning,1
145,1,45,AM,Early Morning,1
146,1,46,AM,Early Morning,1
147,1,47,AM,Early Morning,1
148,1,48,AM,Early Morning,1
149,1,49,AM,Early Morning,1
150,1,50,AM,Early Morning,1
151,1,51,AM,Early Morning,1
152,1,52,AM,Early Morning,1
153,1,53,AM,Early Morning,1
154,1,54,AM,Early Morning,1
155,1,55,AM,Early Morning,1
156,1,56,AM,Early Morning,1
157,1,57,AM,Early Morning,1
158,1,58,AM,Early Morning,1
159,1,59,AM,Early Morning,1
200,2,0,AM,Early Morning,1
201,2,1,AM,Early Morning,1
202,2,2,AM,Early Morning,1
203,2,3,AM,Early Morning,1
204,2,4,AM,Early Morning,1
205,2,5,AM,Early Morning,1
206,2,6,AM,Early Morning,1
207,2,7,AM,Early Morning,1
208,2,8,AM,Early Morning,1
209,2,9,AM,Early Morning,1
210,2,10,AM,Early Morning,1
211,2,11,AM,Early Morning,1
212,2,12,AM,Early Morning,1
213,2,13,AM,Early Morning,1
214,2,14,AM,Early Morning,1
215,2,15,AM,Early Morning,1
216,2,16,AM,Early Morning,1
217,2,17,AM,Early Morning,1
218,2,18,AM,Early Morning,1
219,2,19,AM,Early Morning,1
220,2,20,AM,Early Morning,1
221,2,21,AM,Early Morning,1
222,2,22,AM,Early Morning,1
223,2,23,AM,Early Morning,1
224,2,24,AM,Early Morning,1
225,2,25,AM,Early Morning,1
226,2,26,AM,Early Morning,1
227,2,27,AM,Early Morning,1
228,2,28,AM,Early Morning,1
229,2,29,AM,Early Morning,1
230,2,30,AM,Early Morning,1
231,2,31,AM,Early Morning,1
232,2,32,AM,Early Morning,1
233,2,33,AM,Early Morning,1
234,2,34,AM,Early Morning,1
235,2,35,AM,Early Morning,1
236,2,36,AM,Early Morning,1
237,2,37,AM,Early Morning,1
238,2,38,AM,Early Morning,1
239,2,39,AM,Early Morning,1
240,2,40,AM,Early Morning,1
241,2,41,AM,Early Morning,1
242,2,42,AM,Early Morning,1
243,2,43,AM,Early Morning,1
244,2,44,AM,Early Morning,1
245,2,45,AM,Early Morning,1
246,2,46,AM,Early Morning,1
247,2,47,AM,Early Morning,1
248,2,48,AM,Early Morning,1
249,2,49,AM,Early Morning,1
250,2,50,AM,Early Morning,1
251,2,51,AM,Early Morning,1
252,2,52,AM,Early Morning,1
253,2,53,AM,Early Morning,1
254,2,54,AM,Early Morning,1
255,2,55,AM,Early Morning,1
256,2,56,AM,Early Morning,1
257,2,57,AM,Early Morning,1
258,2,58,AM,Early Morning,1
259,2,59,AM,Early Morning,1
300,3,0,AM,Early Morning,1
301,3,1,AM,Early Morning,1
302,3,2,AM,Early Morning,1
303,3,3,AM,Early Morning,1
304,3,4,AM,Early Morning,1
305,3,5,AM,Early Morning,1
306,3,6,AM,Early Morning,1
307,3,7,AM,Early Morning,1
308,3,8,AM,Early Morning,1
309,3,9,AM,Early Morning,1
310,3,10,AM,Early Morning,1
311,3,11,AM,Early Morning,1
312,3,12,AM,Early Morning,1
313,3,13,AM,Early Morning,1
314,3,14,AM,Early Morning,1
315,3,15,AM,Early Morning,1
316,3,16,AM,Early Morning,1
317,3,17,AM,Early Morning,1
318,3,18,AM,Early Morning,1
319,3,19,AM,Early Morning,1
320,3,20,AM,Early Morning,1
321,3,21,AM,Early Morning,1
322,3,22,AM,Early Morning,1
323,3,23,AM,Early Morning,1
324,3,24,AM,Early Morning,1
325,3,25,AM,Early Morning,1
326,3,26,AM,Early Morning,1
327,3,27,AM,Early Morning,1
328,3,28,AM,Early Morning,1
329,3,29,AM,Early Morning,1
330,3,30,AM,Early Morning,1
331,3,31,AM,Early Morning,1
332,3,32,AM,Early Morning,1
333,3,33,AM,Early Morning,1
334,3,34,AM,Early Morning,1
335,3,35,AM,Early Morning,1
336,3,36,AM,Early Morning,1
337,3,37,AM,Early Morning,1
338,3,38,AM,Early Morning,1
339,3,39,AM,Early Morning,1
340,3,40,AM,Early Morning,1
341,3,41,AM,Early Morning,1
342,3,42,AM,Early Morning,1
343,3,43,AM,Early Morning,1
344,3,44,AM,Early Morning,1
345,3,45,AM,Early Morning,1
346,3,46,AM,Early Morning,1
347,3,47,AM,Early Morning,1
348,3,48,AM,Early Morning,1
349,3,49,AM,Early Morning,1
350,3,50,AM,Early Morning,1
351,3,51,AM,Early Morning,1
352,3,52,AM,Early Morning,1
353,3,53,AM,Early Morning,1
354,3,54,AM,Early Morning,1
355,3,55,AM,Early Morning,1
356,3,56,AM,Early Morning,1
357,3,57,AM,Early Morning,1
358,3,58,AM,Early Morning,1
359,3,59,AM,Early Morning,1
400,4,0,AM,Early Morning,1
401,4,1,AM,Early Morning,1
402,4,2,AM,Early Morning,1
403,4,3,AM,Early Morning,1
404,4,4,AM,Early Morning,1
405,4,5,AM,Early Morning,1
406,4,6,AM,Early Morning,1
407,4,7,AM,Early Morning,1
408,4,8,AM,Early Morning,1
409,4,9,AM,Early Morning,1
410,4,10,AM,Early Morning,1
411,4,11,AM,Early Morning,1
412,4,12,AM,Early Morning,1
413,4,13,AM,Early Morning,1
414,4,14,AM,Early Morning,1
415,4,15,AM,Early Morning,1
416,4,16,AM,Early Morning,1
417,4,17,AM,Early Morning,1
418,4,18,AM,Early Morning,1
419,4,19,AM,Early Morning,1
420,4,20,AM,Early Morning,1
421,4,21,AM,Early Morning,1
422,4,22,AM,Early Morning,1
423,4,23,AM,Early Morning,1
424,4,24,AM,Early Morning,1
425,4,25,AM,Early Morning,1
426,4,26,AM,Early Morning,1
427,4,27,AM,Early Morning,1
428,4,28,AM,Early Morning,1
429,4,29,AM,Early Morning,1
430,4,30,AM,Early Morning,1
431,4,31,AM,Early Morning,1
432,4,32,AM,Early Morning,1
433,4,33,AM,Early Morning,1
434,4,34,AM,Early Morning,1
435,4,35,AM,Early Morning,1
436,4,36,AM,Early Morning,1
437,4,37,AM,Early Morning,1
438,4,38,AM,Early Morning,1
439,4,39,AM,Early Morning,1
440,4,40,AM,Early Morning,1
441,4,41,AM,Early Morning,1
442,4,42,AM,Early Morning,1
443,4,43,AM,Early Morning,1
444,4,44,AM,Early Morning,1
445,4,45,AM,Early Morning,1
446,4,46,AM,Early Morning,1
447,4,47,AM,Early Morning,1
448,4,48,AM,Early Morning,1
449,4,49,AM,Early Morning,1
450,4,50,AM,Early Morning,1
451,4,51,AM,Early Morning,1
452,4,52,AM,Early Morning,1
453,4,53,AM,Early Morning,1
454,4,54,AM,Early Morning,1
455,4,55,AM,Early Morning,1
456,4,56,AM,Early Morning,1
457,4,57,AM,Early Morning,1
458,4,58,AM,Early Morning,1
459,4,59,AM,Early Morning,1
500,5,0,AM,Early Morning,1
501,5,1,AM,Early Morning,1
502,5,2,AM,Early Morning,1
503,5,3,AM,Early Morning,1
504,5,4,AM,Early Morning,1
505,5,5,AM,Early Morning,1
506,5,6,AM,Early Morning,1
507,5,7,AM,Early Morning,1
508,5,8,AM,Early Morning,1
509,5,9,AM,Early Morning,1
510,5,10,AM,Early Morning,1
511,5,11,AM,Early Morning,1
512,5,12,AM,Early Morning,1
513,5,13,AM,Early Morning,1
514,5,14,AM,Early Morning,1
515,5,15,AM,Early Morning,1
516,5,16,AM,Early Morning,1
517,5,17,AM,Early Morning,1
518,5,18,AM,Early Morning,1
519,5,19,AM,Early Morning,1
520,5,20,AM,Early Morning,1
521,5,21,AM,Early Morning,1
522,5,22,AM,Early Morning,1
523,5,23,AM,Early Morning,1
524,5,24,AM,Early Morning,1
525,5,25,AM,Early Morning,1
526,5,26,AM,Early Morning,1
527,5,27,AM,Early Morning,1
528,5,28,AM,Early Morning,1
529,5,29,AM,Early Morning,1
530,5,30,AM,Early Morning,1
531,5,31,AM,Early Morning,1
532,5,32,AM,Early Morning,1
533,5,33,AM,Early Morning,1
534,5,34,AM,Early Morning,1
535,5,35,AM,Early Morning,1
536,5,36,AM,Early Morning,1
537,5,37,AM,Early Morning,1
538,5,38,AM,Early Morning,1
539,5,39,AM,Early Morning,1
540,5,40,AM,Early Morning,1
541,5,41,AM,Early Morning,1
542,5,42,AM,Early Morning,1
543,5,43,AM,Early Morning,1
544,5,44,AM,Early Morning,1
545,5,45,AM,Early Morning,1
546,5,46,AM,Early Morning,1
547,5,47,AM,Early Morning,1
548,5,48,AM,Early Morning,1
549,5,49,AM,Early Morning,1
550,5,50,AM,Early Morning,1
551,5,51,AM,Early Morning,1
552,5,52,AM,Early Morning,1
553,5,53,AM,Early Morning,1
554,5,54,AM,Early Morning,1
555,5,55,AM,Early Morning,1
556,5,56,AM,Early Morning,1
557,5,57,AM,Early Morning,1
558,5,58,AM,Early Morning,1
559,5,59,AM,Early Morning,1
600,6,0,AM,Morning,2
601,6,1,AM,Morning,2
602,6,2,AM,Morning,2
603,6,3,AM,Morning,2
604,6,4,AM,Morning,2
605,6,5,AM,Morning,2
606,6,6,AM,Morning,2
607,6,7,AM,Morning,2
608,6,8,AM,Morning,2
609,6,9,AM,Morning,2
610,6,10,AM,Morning,2
611,6,11,AM,Morning,2
612,6,12,AM,Morning,2
613,6,13,AM,Morning,2
614,6,14,AM,Morning,2
615,6,15,AM,Morning,2
616,6,16,AM,Morning,2
617,6,17,AM,Morning,2
618,6,18,AM,Morning,2
619,6,19,AM,Morning,2
620,6,20,AM,Morning,2
621,6,21,AM,Morning,2
622,6,22,AM,Morning,2
623,6,23,AM,Morning,2
624,6,24,AM,Morning,2
625,6,25,AM,Morning,2
626,6,26,AM,Morning,2
627,6,27,AM,Morning,2
628,6,28,AM,Morning,2
629,6,29,AM,Morning,2
630,6,30,AM,Morning,2
631,6,31,AM,Morning,2
632,6,32,AM,Morning,2
633,6,33,AM,Morning,2
634,6,34,AM,Morning,2
635,6,35,AM,Morning,2
636,6,36,AM,Morning,2
637,6,37,AM,Morning,2
638,6,38,AM,Morning,2
639,6,39,AM,Morning,2
640,6,40,AM,Morning,2
641,6,41,AM,Morning,2
642,6,42,AM,Morning,2
643,6,43,AM,Morning,2
644,6,44,AM,Morning,2
645,6,45,AM,Morning,2
646,6,46,AM,Morning,2
647,6,47,AM,Morning,2
648,6,48,AM,Morning,2
649,6,49,AM,Morning,2
650,6,50,AM,Morning,2
651,6,51,AM,Morning,2
652,6,52,AM,Morning,2
653,6,53,AM,Morning,2
654,6,54,AM,Morning,2
655,6,55,AM,Morning,2
656,6,56,AM,Morning,2
657,6,57,AM,Morning,2
658,6,58,AM,Morning,2
659,6,59,AM,Morning,2
700,7,0,AM,Morning,2
701,7,1,AM,Morning,2
702,7,2,AM,Morning,2
703,7,3,AM,Morning,2
704,7,4,AM,Morning,2
705,7,5,AM,Morning,2
706,7,6,AM,Morning,2
707,7,7,AM,Morning,2
708,7,8,AM,Morning,2
709,7,9,AM,Morning,2
710,7,10,AM,Morning,2
711,7,11,AM,Morning,2
712,7,12,AM,Morning,2
713,7,13,AM,Morning,2
714,7,14,AM,Morning,2
715,7,15,AM,Morning,2
716,7,16,AM,Morning,2
717,7,17,AM,Morning,2
718,7,18,AM,Morning,2
719,7,19,AM,Morning,2
720,7,20,AM,Morning,2
721,7,21,AM,Morning,2
722,7,22,AM,Morning,2
723,7,23,AM,Morning,2
724,7,24,AM,Morning,2
725,7,25,AM,Morning,2
726,7,26,AM,Morning,2
727,7,27,AM,Morning,2
728,7,28,AM,Morning,2
729,7,29,AM,Morning,2
730,7,30,AM,Morning,2
731,7,31,AM,Morning,2
732,7,32,AM,Morning,2
733,7,33,AM,Morning,2
734,7,34,AM,Morning,2
735,7,35,AM,Morning,2
736,7,36,AM,Morning,2
737,7,37,AM,Morning,2
738,7,38,AM,Morning,2
739,7,39,AM,Morning,2
740,7,40,AM,Morning,2
741,7,41,AM,Morning,2
742,7,42,AM,Morning,2
743,7,43,AM,Morning,2
744,7,44,AM,Morning,2
745,7,45,AM,Morning,2
746,7,46,AM,Morning,2
747,7,47,AM,Morning,2
748,7,48,AM,Morning,2
749,7,49,AM,Morning,2
750,7,50,AM,Morning,2
751,7,51,AM,Morning,2
752,7,52,AM,Morning,2
753,7,53,AM,Morning,2
754,7,54,AM,Morning,2
755,7,55,AM,Morning,2
756,7,56,AM,Morning,2
757,7,57,AM,Morning,2
758,7,58,AM,Morning,2
759,7,59,AM,Morning,2
800,8,0,AM,Morning,2
801,8,1,AM,Morning,2
802,8,2,AM,Morning,2
803,8,3,AM,Morning,2
804,8,4,AM,Morning,2
805,8,5,AM,Morning,2
806,8,6,AM,Morning,2
807,8,7,AM,Morning,2
808,8,8,AM,Morning,2
809,8,9,AM,Morning,2
810,8,10,AM,Morning,2
811,8,11,AM,Morning,2
812,8,12,AM,Morning,2
813,8,13,AM,Morning,2
814,8,14,AM,Morning,2
815,8,15,AM,Morning,2
816,8,16,AM,Morning,2
817,8,17,AM,Morning,2
818,8,18,AM,Morning,2
819,8,19,AM,Morning,2
820,8,20,AM,Morning,2
821,8,21,AM,Morning,2
822,8,22,AM,Morning,2
823,8,23,AM,Morning,2
824,8,24,AM,Morning,2
825,8,25,AM,Morning,2
826,8,26,AM,Morning,2
827,8,27,AM,Morning,2
828,8,28,AM,Morning,2
829,8,29,AM,Morning,2
830,8,30,AM,Morning,2
831,8,31,AM,Morning,2
832,8,32,AM,Morning,2
833,8,33,AM,Morning,2
834,8,34,AM,Morning,2
835,8,35,AM,Morning,2
836,8,36,AM,Morning,2
837,8,37,AM,Morning,2
838,8,38,AM,Morning,2
839,8,39,AM,Morning,2
840,8,40,AM,Morning,2
841,8,41,AM,Morning,2
842,8,42,AM,Morning,2
843,8,43,AM,Morning,2
844,8,44,AM,Morning,2
845,8,45,AM,Morning,2
846,8,46,AM,Morning,2
847,8,47,AM,Morning,2
848,8,48,AM,Morning,2
849,8,49,AM,Morning,2
850,8,50,AM,Morning,2
851,8,51,AM,Morning,2
852,8,52,AM,Morning,2
853,8,53,AM,Morning,2
854,8,54,AM,Morning,2
855,8,55,AM,Morning,2
856,8,56,AM,Morning,2
857,8,57,AM,Morning,2
858,8,58,AM,Morning,2
859,8,59,AM,Morning,2
900,9,0,AM,Morning,2
901,9,1,AM,Morning,2
902,9,2,AM,Morning,2
903,9,3,AM,Morning,2
904,9,4,AM,Morning,2
905,9,5,AM,Morning,2
906,9,6,AM,Morning,2
907,9,7,AM,Morning,2
908,9,8,AM,Morning,2
909,9,9,AM,Morning,2
910,9,10,AM,Morning,2
911,9,11,AM,Morning,2
912,9,12,AM,Morning,2
913,9,13,AM,Morning,2
914,9,14,AM,Morning,2
915,9,15,AM,Morning,2
916,9,16,AM,Morning,2
917,9,17,AM,Morning,2
918,9,18,AM,Morning,2
919,9,19,AM,Morning,2
920,9,20,AM,Morning,2
921,9,21,AM,Morning,2
922,9,22,AM,Morning,2
923,9,23,AM,Morning,2
924,9,24,AM,Morning,2
925,9,25,AM,Morning,2
926,9,26,AM,Morning,2
927,9,27,AM,Morning,2
928,9,28,AM,Morning,2
929,9,29,AM,Morning,2
930,9,30,AM,Morning,2
931,9,31,AM,Morning,2
932,9,32,AM,Morning,2
933,9,33,AM,Morning,2
934,9,34,AM,Morning,2
935,9,35,AM,Morning,2
936,9,36,AM,Morning,2
937,9,37,AM,Morning,2
938,9,38,AM,Morning,2
939,9,39,AM,Morning,2
940,9,40,AM,Morning,2
941,9,41,AM,Morning,2
942,9,42,AM,Morning,2
943,9,43,AM,Morning,2
944,9,44,AM,Morning,2
945,9,45,AM,Morning,2
946,9,46,AM,Morning,2
947,9,47,AM,Morning,2
948,9,48,AM,Morning,2
949,9,49,AM,Morning,2
950,9,50,AM,Morning,2
951,9,51,AM,Morning,2
952,9,52,AM,Morning,2
953,9,53,AM,Morning,2
954,9,54,AM,Morning,2
955,9,55,AM,Morning,2
956,9,56,AM,Morning,2
957,9,57,AM,Morning,2
958,9,58,AM,Morning,2
959,9,59,AM,Morning,2
1000,10,0,AM,Morning,2
1001,10,1,AM,Morning,2
1002,10,2,AM,Morning,2
1003,10,3,AM,Morning,2
1004,10,4,AM,Morning,2
1005,10,5,AM,Morning,2
1006,10,6,AM,Morning,2
1007,10,7,AM,Morning,2
1008,10,8,AM,Morning,2
1009,10,9,AM,Morning,2
1010,10,10,AM,Morning,2
1011,10,11,AM,Morning,2
1012,10,12,AM,Morning,2
1013,10,13,AM,Morning,2
1014,10,14,AM,Morning,2
1015,10,15,AM,Morning,2
1016,10,16,AM,Morning,2
1017,10,17,AM,Morning,2
1018,10,18,AM,Morning,2
1019,10,19,AM,Morning,2
1020,10,20,AM,Morning,2
1021,10,21,AM,Morning,2
1022,10,22,AM,Morning,2
1023,10,23,AM,Morning,2
1024,10,24,AM,Morning,2
1025,10,25,AM,Morning,2
1026,10,26,AM,Morning,2
1027,10,27,AM,Morning,2
1028,10,28,AM,Morning,2
1029,10,29,AM,Morning,2
1030,10,30,AM,Morning,2
1031,10,31,AM,Morning,2
1032,10,32,AM,Morning,2
1033,10,33,AM,Morning,2
1034,10,34,AM,Morning,2
1035,10,35,AM,Morning,2
1036,10,36,AM,Morning,2
1037,10,37,AM,Morning,2
1038,10,38,AM,Morning,2
1039,10,39,AM,Morning,2
1040,10,40,AM,Morning,2
1041,10,41,AM,Morning,2
1042,10,42,AM,Morning,2
1043,10,43,AM,Morning,2
1044,10,44,AM,Morning,2
1045,10,45,AM,Morning,2
1046,10,46,AM,Morning,2
1047,10,47,AM,Morning,2
1048,10,48,AM,Morning,2
1049,10,49,AM,Morning,2
1050,10,50,AM,Morning,2
1051,10,51,AM,Morning,2
1052,10,52,AM,Morning,2
1053,10,53,AM,Morning,2
1054,10,54,AM,Morning,2
1055,10,55,AM,Morning,2
1056,10,56,AM,Morning,2
1057,10,57,AM,Morning,2
1058,10,58,AM,Morning,2
1059,10,59,AM,Morning,2
1100,11,0,AM,Morning,2
1101,11,1,AM,Morning,2
1102,11,2,AM,Morning,2
1103,11,3,AM,Morning,2
1104,11,4,AM,Morning,2
1105,11,5,AM,Morning,2
1106,11,6,AM,Morning,2
1107,11,7,AM,Morning,2
1108,11,8,AM,Morning,2
1109,11,9,AM,Morning,2
1110,11,10,AM,Morning,2
1111,11,11,AM,Morning,2
1112,11,12,AM,Morning,2
1113,11,13,AM,Morning,2
1114,11,14,AM,Morning,2
1115,11,15,AM,Morning,2
1116,11,16,AM,Morning,2
1117,11,17,AM,Morning,2
1118,11,18,AM,Morning,2
1119,11,19,AM,Morning,2
1120,11,20,AM,Morning,2
1121,11,21,AM,Morning,2
1122,11,22,AM,Morning,2
1123,11,23,AM,Morning,2
1124,11,24,AM,Morning,2
1125,11,25,AM,Morning,2
1126,11,26,AM,Morning,2
1127,11,27,AM,Morning,2
1128,11,28,AM,Morning,2
1129,11,29,AM,Morning,2
1130,11,30,AM,Morning,2
1131,11,31,AM,Morning,2
1132,11,32,AM,Morning,2
1133,11,33,AM,Morning,2
1134,11,34,AM,Morning,2
1135,11,35,AM,Morning,2
1136,11,36,AM,Morning,2
1137,11,37,AM,Morning,2
1138,11,38,AM,Morning,2
1139,11,39,AM,Morning,2
1140,11,40,AM,Morning,2
1141,11,41,AM,Morning,2
1142,11,42,AM,Morning,2
1143,11,43,AM,Morning,2
1144,11,44,AM,Morning,2
1145,11,45,AM,Morning,2
1146,11,46,AM,Morning,2
1147,11,47,AM,Morning,2
1148,11,48,AM,Morning,2
1149,11,49,AM,Morning,2
1150,11,50,AM,Morning,2
1151,11,51,AM,Morning,2
1152,11,52,AM,Morning,2
1153,11,53,AM,Morning,2
1154,11,54,AM,Morning,2
1155,11,55,AM,Morning,2
1156,11,56,AM,Morning,2
1157,11,57,AM,Morning,2
1158,11,58,AM,Morning,2
1159,11,59,AM,Morning,2
1800,18,0,PM,Evening,4
1801,18,1,PM,Evening,4
1802,18,2,PM,Evening,4
1803,18,3,PM,Evening,4
1804,18,4,PM,Evening,4
1805,18,5,PM,Evening,4
1806,18,6,PM,Evening,4
1807,18,7,PM,Evening,4
1808,18,8,PM,Evening,4
1809,18,9,PM,Evening,4
1810,18,10,PM,Evening,4
1811,18,11,PM,Evening,4
1812,18,12,PM,Evening,4
1813,18,13,PM,Evening,4
1814,18,14,PM,Evening,4
1815,18,15,PM,Evening,4
1816,18,16,PM,Evening,4
1817,18,17,PM,Evening,4
1818,18,18,PM,Evening,4
1819,18,19,PM,Evening,4
1820,18,20,PM,Evening,4
1821,18,21,PM,Evening,4
1822,18,22,PM,Evening,4
1823,18,23,PM,Evening,4
1824,18,24,PM,Evening,4
1825,18,25,PM,Evening,4
1826,18,26,PM,Evening,4
1827,18,27,PM,Evening,4
1828,18,28,PM,Evening,4
1829,18,29,PM,Evening,4
1830,18,30,PM,Evening,4
1831,18,31,PM,Evening,4
1832,18,32,PM,Evening,4
1833,18,33,PM,Evening,4
1834,18,34,PM,Evening,4
1835,18,35,PM,Evening,4
1836,18,36,PM,Evening,4
1837,18,37,PM,Evening,4
1838,18,38,PM,Evening,4
1839,18,39,PM,Evening,4
1840,18,40,PM,Evening,4
1841,18,41,PM,Evening,4
1842,18,42,PM,Evening,4
1843,18,43,PM,Evening,4
1844,18,44,PM,Evening,4
1845,18,45,PM,Evening,4
1846,18,46,PM,Evening,4
1847,18,47,PM,Evening,4
1848,18,48,PM,Evening,4
1849,18,49,PM,Evening,4
1850,18,50,PM,Evening,4
1851,18,51,PM,Evening,4
1852,18,52,PM,Evening,4
1853,18,53,PM,Evening,4
1854,18,54,PM,Evening,4
1855,18,55,PM,Evening,4
1856,18,56,PM,Evening,4
1857,18,57,PM,Evening,4
1858,18,58,PM,Evening,4
1859,18,59,PM,Evening,4
1900,19,0,PM,Evening,4
1901,19,1,PM,Evening,4
1902,19,2,PM,Evening,4
1903,19,3,PM,Evening,4
1904,19,4,PM,Evening,4
1905,19,5,PM,Evening,4
1906,19,6,PM,Evening,4
1907,19,7,PM,Evening,4
1908,19,8,PM,Evening,4
1909,19,9,PM,Evening,4
1910,19,10,PM,Evening,4
1911,19,11,PM,Evening,4
1912,19,12,PM,Evening,4
1913,19,13,PM,Evening,4
1914,19,14,PM,Evening,4
1915,19,15,PM,Evening,4
1916,19,16,PM,Evening,4
1917,19,17,PM,Evening,4
1918,19,18,PM,Evening,4
1919,19,19,PM,Evening,4
1920,19,20,PM,Evening,4
1921,19,21,PM,Evening,4
1922,19,22,PM,Evening,4
1923,19,23,PM,Evening,4
1924,19,24,PM,Evening,4
1925,19,25,PM,Evening,4
1926,19,26,PM,Evening,4
1927,19,27,PM,Evening,4
1928,19,28,PM,Evening,4
1929,19,29,PM,Evening,4
1930,19,30,PM,Evening,4
1931,19,31,PM,Evening,4
1932,19,32,PM,Evening,4
1933,19,33,PM,Evening,4
1934,19,34,PM,Evening,4
1935,19,35,PM,Evening,4
1936,19,36,PM,Evening,4
1937,19,37,PM,Evening,4
1938,19,38,PM,Evening,4
1939,19,39,PM,Evening,4
1940,19,40,PM,Evening,4
1941,19,41,PM,Evening,4
1942,19,42,PM,Evening,4
1943,19,43,PM,Evening,4
1944,19,44,PM,Evening,4
1945,19,45,PM,Evening,4
1946,19,46,PM,Evening,4
1947,19,47,PM,Evening,4
1948,19,48,PM,Evening,4
1949,19,49,PM,Evening,4
1950,19,50,PM,Evening,4
1951,19,51,PM,Evening,4
1952,19,52,PM,Evening,4
1953,19,53,PM,Evening,4
1954,19,54,PM,Evening,4
1955,19,55,PM,Evening,4
1956,19,56,PM,Evening,4
1957,19,57,PM,Evening,4
1958,19,58,PM,Evening,4
1959,19,59,PM,Evening,4
2000,20,0,PM,Evening,4
2001,20,1,PM,Evening,4
2002,20,2,PM,Evening,4
2003,20,3,PM,Evening,4
2004,20,4,PM,Evening,4
2005,20,5,PM,Evening,4
2006,20,6,PM,Evening,4
2007,20,7,PM,Evening,4
2008,20,8,PM,Evening,4
2009,20,9,PM,Evening,4
2010,20,10,PM,Evening,4
2011,20,11,PM,Evening,4
2012,20,12,PM,Evening,4
2013,20,13,PM,Evening,4
2014,20,14,PM,Evening,4
2015,20,15,PM,Evening,4
2016,20,16,PM,Evening,4
2017,20,17,PM,Evening,4
2018,20,18,PM,Evening,4
2019,20,19,PM,Evening,4
2020,20,20,PM,Evening,4
2021,20,21,PM,Evening,4
2022,20,22,PM,Evening,4
2023,20,23,PM,Evening,4
2024,20,24,PM,Evening,4
2025,20,25,PM,Evening,4
2026,20,26,PM,Evening,4
2027,20,27,PM,Evening,4
2028,20,28,PM,Evening,4
2029,20,29,PM,Evening,4
2030,20,30,PM,Evening,4
2031,20,31,PM,Evening,4
2032,20,32,PM,Evening,4
2033,20,33,PM,Evening,4
2034,20,34,PM,Evening,4
2035,20,35,PM,Evening,4
2036,20,36,PM,Evening,4
2037,20,37,PM,Evening,4
2038,20,38,PM,Evening,4
2039,20,39,PM,Evening,4
2040,20,40,PM,Evening,4
2041,20,41,PM,Evening,4
2042,20,42,PM,Evening,4
2043,20,43,PM,Evening,4
2044,20,44,PM,Evening,4
2045,20,45,PM,Evening,4
2046,20,46,PM,Evening,4
2047,20,47,PM,Evening,4
2048,20,48,PM,Evening,4
2049,20,49,PM,Evening,4
2050,20,50,PM,Evening,4
2051,20,51,PM,Evening,4
2052,20,52,PM,Evening,4
2053,20,53,PM,Evening,4
2054,20,54,PM,Evening,4
2055,20,55,PM,Evening,4
2056,20,56,PM,Evening,4
2057,20,57,PM,Evening,4
2058,20,58,PM,Evening,4
2059,20,59,PM,Evening,4
2100,21,0,PM,Evening,4
2101,21,1,PM,Evening,4
2102,21,2,PM,Evening,4
2103,21,3,PM,Evening,4
2104,21,4,PM,Evening,4
2105,21,5,PM,Evening,4
2106,21,6,PM,Evening,4
2107,21,7,PM,Evening,4
2108,21,8,PM,Evening,4
2109,21,9,PM,Evening,4
2110,21,10,PM,Evening,4
2111,21,11,PM,Evening,4
2112,21,12,PM,Evening,4
2113,21,13,PM,Evening,4
2114,21,14,PM,Evening,4
2115,21,15,PM,Evening,4
2116,21,16,PM,Evening,4
2117,21,17,PM,Evening,4
2118,21,18,PM,Evening,4
2119,21,19,PM,Evening,4
2120,21,20,PM,Evening,4
2121,21,21,PM,Evening,4
2122,21,22,PM,Evening,4
2123,21,23,PM,Evening,4
2124,21,24,PM,Evening,4
2125,21,25,PM,Evening,4
2126,21,26,PM,Evening,4
2127,21,27,PM,Evening,4
2128,21,28,PM,Evening,4
2129,21,29,PM,Evening,4
2130,21,30,PM,Evening,4
2131,21,31,PM,Evening,4
2132,21,32,PM,Evening,4
2133,21,33,PM,Evening,4
2134,21,34,PM,Evening,4
2135,21,35,PM,Evening,4
2136,21,36,PM,Evening,4
2137,21,37,PM,Evening,4
2138,21,38,PM,Evening,4
2139,21,39,PM,Evening,4
2140,21,40,PM,Evening,4
2141,21,41,PM,Evening,4
2142,21,42,PM,Evening,4
2143,21,43,PM,Evening,4
2144,21,44,PM,Evening,4
2145,21,45,PM,Evening,4
2146,21,46,PM,Evening,4
2147,21,47,PM,Evening,4
2148,21,48,PM,Evening,4
2149,21,49,PM,Evening,4
2150,21,50,PM,Evening,4
2151,21,51,PM,Evening,4
2152,21,52,PM,Evening,4
2153,21,53,PM,Evening,4
2154,21,54,PM,Evening,4
2155,21,55,PM,Evening,4
2156,21,56,PM,Evening,4
2157,21,57,PM,Evening,4
2158,21,58,PM,Evening,4
2159,21,59,PM,Evening,4
2200,22,0,PM,Evening,4
2201,22,1,PM,Evening,4
2202,22,2,PM,Evening,4
2203,22,3,PM,Evening,4
2204,22,4,PM,Evening,4
2205,22,5,PM,Evening,4
2206,22,6,PM,Evening,4
2207,22,7,PM,Evening,4
2208,22,8,PM,Evening,4
2209,22,9,PM,Evening,4
2210,22,10,PM,Evening,4
2211,22,11,PM,Evening,4
2212,22,12,PM,Evening,4
2213,22,13,PM,Evening,4
2214,22,14,PM,Evening,4
2215,22,15,PM,Evening,4
2216,22,16,PM,Evening,4
2217,22,17,PM,Evening,4
2218,22,18,PM,Evening,4
2219,22,19,PM,Evening,4
2220,22,20,PM,Evening,4
2221,22,21,PM,Evening,4
2222,22,22,PM,Evening,4
2223,22,23,PM,Evening,4
2224,22,24,PM,Evening,4
2225,22,25,PM,Evening,4
2226,22,26,PM,Evening,4
2227,22,27,PM,Evening,4
2228,22,28,PM,Evening,4
2229,22,29,PM,Evening,4
2230,22,30,PM,Evening,4
2231,22,31,PM,Evening,4
2232,22,32,PM,Evening,4
2233,22,33,PM,Evening,4
2234,22,34,PM,Evening,4
2235,22,35,PM,Evening,4
2236,22,36,PM,Evening,4
2237,22,37,PM,Evening,4
2238,22,38,PM,Evening,4
2239,22,39,PM,Evening,4
2240,22,40,PM,Evening,4
2241,22,41,PM,Evening,4
2242,22,42,PM,Evening,4
2243,22,43,PM,Evening,4
2244,22,44,PM,Evening,4
2245,22,45,PM,Evening,4
2246,22,46,PM,Evening,4
2247,22,47,PM,Evening,4
2248,22,48,PM,Evening,4
2249,22,49,PM,Evening,4
2250,22,50,PM,Evening,4
2251,22,51,PM,Evening,4
2252,22,52,PM,Evening,4
2253,22,53,PM,Evening,4
2254,22,54,PM,Evening,4
2255,22,55,PM,Evening,4
2256,22,56,PM,Evening,4
2257,22,57,PM,Evening,4
2258,22,58,PM,Evening,4
2259,22,59,PM,Evening,4
2300,23,0,PM,Evening,4
2301,23,1,PM,Evening,4
2302,23,2,PM,Evening,4
2303,23,3,PM,Evening,4
2304,23,4,PM,Evening,4
2305,23,5,PM,Evening,4
2306,23,6,PM,Evening,4
2307,23,7,PM,Evening,4
2308,23,8,PM,Evening,4
2309,23,9,PM,Evening,4
2310,23,10,PM,Evening,4
2311,23,11,PM,Evening,4
2312,23,12,PM,Evening,4
2313,23,13,PM,Evening,4
2314,23,14,PM,Evening,4
2315,23,15,PM,Evening,4
2316,23,16,PM,Evening,4
2317,23,17,PM,Evening,4
2318,23,18,PM,Evening,4
2319,23,19,PM,Evening,4
2320,23,20,PM,Evening,4
2321,23,21,PM,Evening,4
2322,23,22,PM,Evening,4
2323,23,23,PM,Evening,4
2324,23,24,PM,Evening,4
2325,23,25,PM,Evening,4
2326,23,26,PM,Evening,4
2327,23,27,PM,Evening,4
2328,23,28,PM,Evening,4
2329,23,29,PM,Evening,4
2330,23,30,PM,Evening,4
2331,23,31,PM,Evening,4
2332,23,32,PM,Evening,4
2333,23,33,PM,Evening,4
2334,23,34,PM,Evening,4
2335,23,35,PM,Evening,4
2336,23,36,PM,Evening,4
2337,23,37,PM,Evening,4
2338,23,38,PM,Evening,4
2339,23,39,PM,Evening,4
2340,23,40,PM,Evening,4
2341,23,41,PM,Evening,4
2342,23,42,PM,Evening,4
2343,23,43,PM,Evening,4
2344,23,44,PM,Evening,4
2345,23,45,PM,Evening,4
2346,23,46,PM,Evening,4
2347,23,47,PM,Evening,4
2348,23,48,PM,Evening,4
2349,23,49,PM,Evening,4
2350,23,50,PM,Evening,4
2351,23,51,PM,Evening,4
2352,23,52,PM,Evening,4
2353,23,53,PM,Evening,4
2354,23,54,PM,Evening,4
2355,23,55,PM,Evening,4
2356,23,56,PM,Evening,4
2357,23,57,PM,Evening,4
2358,23,58,PM,Evening,4
2359,23,59,PM,Evening,4
1200,12,0,PM,Afternoon,3
1201,12,1,PM,Afternoon,3
1202,12,2,PM,Afternoon,3
1203,12,3,PM,Afternoon,3
1204,12,4,PM,Afternoon,3
1205,12,5,PM,Afternoon,3
1206,12,6,PM,Afternoon,3
1207,12,7,PM,Afternoon,3
1208,12,8,PM,Afternoon,3
1209,12,9,PM,Afternoon,3
1210,12,10,PM,Afternoon,3
1211,12,11,PM,Afternoon,3
1212,12,12,PM,Afternoon,3
1213,12,13,PM,Afternoon,3
1214,12,14,PM,Afternoon,3
1215,12,15,PM,Afternoon,3
1216,12,16,PM,Afternoon,3
1217,12,17,PM,Afternoon,3
1218,12,18,PM,Afternoon,3
1219,12,19,PM,Afternoon,3
1220,12,20,PM,Afternoon,3
1221,12,21,PM,Afternoon,3
1222,12,22,PM,Afternoon,3
1223,12,23,PM,Afternoon,3
1224,12,24,PM,Afternoon,3
1225,12,25,PM,Afternoon,3
1226,12,26,PM,Afternoon,3
1227,12,27,PM,Afternoon,3
1228,12,28,PM,Afternoon,3
1229,12,29,PM,Afternoon,3
1230,12,30,PM,Afternoon,3
1231,12,31,PM,Afternoon,3
1232,12,32,PM,Afternoon,3
1233,12,33,PM,Afternoon,3
1234,12,34,PM,Afternoon,3
1235,12,35,PM,Afternoon,3
1236,12,36,PM,Afternoon,3
1237,12,37,PM,Afternoon,3
1238,12,38,PM,Afternoon,3
1239,12,39,PM,Afternoon,3
1240,12,40,PM,Afternoon,3
1241,12,41,PM,Afternoon,3
1242,12,42,PM,Afternoon,3
1243,12,43,PM,Afternoon,3
1244,12,44,PM,Afternoon,3
1245,12,45,PM,Afternoon,3
1246,12,46,PM,Afternoon,3
1247,12,47,PM,Afternoon,3
1248,12,48,PM,Afternoon,3
1249,12,49,PM,Afternoon,3
1250,12,50,PM,Afternoon,3
1251,12,51,PM,Afternoon,3
1252,12,52,PM,Afternoon,3
1253,12,53,PM,Afternoon,3
1254,12,54,PM,Afternoon,3
1255,12,55,PM,Afternoon,3
1256,12,56,PM,Afternoon,3
1257,12,57,PM,Afternoon,3
1258,12,58,PM,Afternoon,3
1259,12,59,PM,Afternoon,3
1300,13,0,PM,Afternoon,3
1301,13,1,PM,Afternoon,3
1302,13,2,PM,Afternoon,3
1303,13,3,PM,Afternoon,3
1304,13,4,PM,Afternoon,3
1305,13,5,PM,Afternoon,3
1306,13,6,PM,Afternoon,3
1307,13,7,PM,Afternoon,3
1308,13,8,PM,Afternoon,3
1309,13,9,PM,Afternoon,3
1310,13,10,PM,Afternoon,3
1311,13,11,PM,Afternoon,3
1312,13,12,PM,Afternoon,3
1313,13,13,PM,Afternoon,3
1314,13,14,PM,Afternoon,3
1315,13,15,PM,Afternoon,3
1316,13,16,PM,Afternoon,3
1317,13,17,PM,Afternoon,3
1318,13,18,PM,Afternoon,3
1319,13,19,PM,Afternoon,3
1320,13,20,PM,Afternoon,3
1321,13,21,PM,Afternoon,3
1322,13,22,PM,Afternoon,3
1323,13,23,PM,Afternoon,3
1324,13,24,PM,Afternoon,3
1325,13,25,PM,Afternoon,3
1326,13,26,PM,Afternoon,3
1327,13,27,PM,Afternoon,3
1328,13,28,PM,Afternoon,3
1329,13,29,PM,Afternoon,3
1330,13,30,PM,Afternoon,3
1331,13,31,PM,Afternoon,3
1332,13,32,PM,Afternoon,3
1333,13,33,PM,Afternoon,3
1334,13,34,PM,Afternoon,3
1335,13,35,PM,Afternoon,3
1336,13,36,PM,Afternoon,3
1337,13,37,PM,Afternoon,3
1338,13,38,PM,Afternoon,3
1339,13,39,PM,Afternoon,3
1340,13,40,PM,Afternoon,3
1341,13,41,PM,Afternoon,3
1342,13,42,PM,Afternoon,3
1343,13,43,PM,Afternoon,3
1344,13,44,PM,Afternoon,3
1345,13,45,PM,Afternoon,3
1346,13,46,PM,Afternoon,3
1347,13,47,PM,Afternoon,3
1348,13,48,PM,Afternoon,3
1349,13,49,PM,Afternoon,3
1350,13,50,PM,Afternoon,3
1351,13,51,PM,Afternoon,3
1352,13,52,PM,Afternoon,3
1353,13,53,PM,Afternoon,3
1354,13,54,PM,Afternoon,3
1355,13,55,PM,Afternoon,3
1356,13,56,PM,Afternoon,3
1357,13,57,PM,Afternoon,3
1358,13,58,PM,Afternoon,3
1359,13,59,PM,Afternoon,3
1400,14,0,PM,Afternoon,3
1401,14,1,PM,Afternoon,3
1402,14,2,PM,Afternoon,3
1403,14,3,PM,Afternoon,3
1404,14,4,PM,Afternoon,3
1405,14,5,PM,Afternoon,3
1406,14,6,PM,Afternoon,3
1407,14,7,PM,Afternoon,3
1408,14,8,PM,Afternoon,3
1409,14,9,PM,Afternoon,3
1410,14,10,PM,Afternoon,3
1411,14,11,PM,Afternoon,3
1412,14,12,PM,Afternoon,3
1413,14,13,PM,Afternoon,3
1414,14,14,PM,Afternoon,3
1415,14,15,PM,Afternoon,3
1416,14,16,PM,Afternoon,3
1417,14,17,PM,Afternoon,3
1418,14,18,PM,Afternoon,3
1419,14,19,PM,Afternoon,3
1420,14,20,PM,Afternoon,3
1421,14,21,PM,Afternoon,3
1422,14,22,PM,Afternoon,3
1423,14,23,PM,Afternoon,3
1424,14,24,PM,Afternoon,3
1425,14,25,PM,Afternoon,3
1426,14,26,PM,Afternoon,3
1427,14,27,PM,Afternoon,3
1428,14,28,PM,Afternoon,3
1429,14,29,PM,Afternoon,3
1430,14,30,PM,Afternoon,3
1431,14,31,PM,Afternoon,3
1432,14,32,PM,Afternoon,3
1433,14,33,PM,Afternoon,3
1434,14,34,PM,Afternoon,3
1435,14,35,PM,Afternoon,3
1436,14,36,PM,Afternoon,3
1437,14,37,PM,Afternoon,3
1438,14,38,PM,Afternoon,3
1439,14,39,PM,Afternoon,3
1440,14,40,PM,Afternoon,3
1441,14,41,PM,Afternoon,3
1442,14,42,PM,Afternoon,3
1443,14,43,PM,Afternoon,3
1444,14,44,PM,Afternoon,3
1445,14,45,PM,Afternoon,3
1446,14,46,PM,Afternoon,3
1447,14,47,PM,Afternoon,3
1448,14,48,PM,Afternoon,3
1449,14,49,PM,Afternoon,3
1450,14,50,PM,Afternoon,3
1451,14,51,PM,Afternoon,3
1452,14,52,PM,Afternoon,3
1453,14,53,PM,Afternoon,3
1454,14,54,PM,Afternoon,3
1455,14,55,PM,Afternoon,3
1456,14,56,PM,Afternoon,3
1457,14,57,PM,Afternoon,3
1458,14,58,PM,Afternoon,3
1459,14,59,PM,Afternoon,3
1500,15,0,PM,Afternoon,3
1501,15,1,PM,Afternoon,3
1502,15,2,PM,Afternoon,3
1503,15,3,PM,Afternoon,3
1504,15,4,PM,Afternoon,3
1505,15,5,PM,Afternoon,3
1506,15,6,PM,Afternoon,3
1507,15,7,PM,Afternoon,3
1508,15,8,PM,Afternoon,3
1509,15,9,PM,Afternoon,3
1510,15,10,PM,Afternoon,3
1511,15,11,PM,Afternoon,3
1512,15,12,PM,Afternoon,3
1513,15,13,PM,Afternoon,3
1514,15,14,PM,Afternoon,3
1515,15,15,PM,Afternoon,3
1516,15,16,PM,Afternoon,3
1517,15,17,PM,Afternoon,3
1518,15,18,PM,Afternoon,3
1519,15,19,PM,Afternoon,3
1520,15,20,PM,Afternoon,3
1521,15,21,PM,Afternoon,3
1522,15,22,PM,Afternoon,3
1523,15,23,PM,Afternoon,3
1524,15,24,PM,Afternoon,3
1525,15,25,PM,Afternoon,3
1526,15,26,PM,Afternoon,3
1527,15,27,PM,Afternoon,3
1528,15,28,PM,Afternoon,3
1529,15,29,PM,Afternoon,3
1530,15,30,PM,Afternoon,3
1531,15,31,PM,Afternoon,3
1532,15,32,PM,Afternoon,3
1533,15,33,PM,Afternoon,3
1534,15,34,PM,Afternoon,3
1535,15,35,PM,Afternoon,3
1536,15,36,PM,Afternoon,3
1537,15,37,PM,Afternoon,3
1538,15,38,PM,Afternoon,3
1539,15,39,PM,Afternoon,3
1540,15,40,PM,Afternoon,3
1541,15,41,PM,Afternoon,3
1542,15,42,PM,Afternoon,3
1543,15,43,PM,Afternoon,3
1544,15,44,PM,Afternoon,3
1545,15,45,PM,Afternoon,3
1546,15,46,PM,Afternoon,3
1547,15,47,PM,Afternoon,3
1548,15,48,PM,Afternoon,3
1549,15,49,PM,Afternoon,3
1550,15,50,PM,Afternoon,3
1551,15,51,PM,Afternoon,3
1552,15,52,PM,Afternoon,3
1553,15,53,PM,Afternoon,3
1554,15,54,PM,Afternoon,3
1555,15,55,PM,Afternoon,3
1556,15,56,PM,Afternoon,3
1557,15,57,PM,Afternoon,3
1558,15,58,PM,Afternoon,3
1559,15,59,PM,Afternoon,3
1600,16,0,PM,Afternoon,3
1601,16,1,PM,Afternoon,3
1602,16,2,PM,Afternoon,3
1603,16,3,PM,Afternoon,3
1604,16,4,PM,Afternoon,3
1605,16,5,PM,Afternoon,3
1606,16,6,PM,Afternoon,3
1607,16,7,PM,Afternoon,3
1608,16,8,PM,Afternoon,3
1609,16,9,PM,Afternoon,3
1610,16,10,PM,Afternoon,3
1611,16,11,PM,Afternoon,3
1612,16,12,PM,Afternoon,3
1613,16,13,PM,Afternoon,3
1614,16,14,PM,Afternoon,3
1615,16,15,PM,Afternoon,3
1616,16,16,PM,Afternoon,3
1617,16,17,PM,Afternoon,3
1618,16,18,PM,Afternoon,3
1619,16,19,PM,Afternoon,3
1620,16,20,PM,Afternoon,3
1621,16,21,PM,Afternoon,3
1622,16,22,PM,Afternoon,3
1623,16,23,PM,Afternoon,3
1624,16,24,PM,Afternoon,3
1625,16,25,PM,Afternoon,3
1626,16,26,PM,Afternoon,3
1627,16,27,PM,Afternoon,3
1628,16,28,PM,Afternoon,3
1629,16,29,PM,Afternoon,3
1630,16,30,PM,Afternoon,3
1631,16,31,PM,Afternoon,3
1632,16,32,PM,Afternoon,3
1633,16,33,PM,Afternoon,3
1634,16,34,PM,Afternoon,3
1635,16,35,PM,Afternoon,3
1636,16,36,PM,Afternoon,3
1637,16,37,PM,Afternoon,3
1638,16,38,PM,Afternoon,3
1639,16,39,PM,Afternoon,3
1640,16,40,PM,Afternoon,3
1641,16,41,PM,Afternoon,3
1642,16,42,PM,Afternoon,3
1643,16,43,PM,Afternoon,3
1644,16,44,PM,Afternoon,3
1645,16,45,PM,Afternoon,3
1646,16,46,PM,Afternoon,3
1647,16,47,PM,Afternoon,3
1648,16,48,PM,Afternoon,3
1649,16,49,PM,Afternoon,3
1650,16,50,PM,Afternoon,3
1651,16,51,PM,Afternoon,3
1652,16,52,PM,Afternoon,3
1653,16,53,PM,Afternoon,3
1654,16,54,PM,Afternoon,3
1655,16,55,PM,Afternoon,3
1656,16,56,PM,Afternoon,3
1657,16,57,PM,Afternoon,3
1658,16,58,PM,Afternoon,3
1659,16,59,PM,Afternoon,3
1700,17,0,PM,Afternoon,3
1701,17,1,PM,Afternoon,3
1702,17,2,PM,Afternoon,3
1703,17,3,PM,Afternoon,3
1704,17,4,PM,Afternoon,3
1705,17,5,PM,Afternoon,3
1706,17,6,PM,Afternoon,3
1707,17,7,PM,Afternoon,3
1708,17,8,PM,Afternoon,3
1709,17,9,PM,Afternoon,3
1710,17,10,PM,Afternoon,3
1711,17,11,PM,Afternoon,3
1712,17,12,PM,Afternoon,3
1713,17,13,PM,Afternoon,3
1714,17,14,PM,Afternoon,3
1715,17,15,PM,Afternoon,3
1716,17,16,PM,Afternoon,3
1717,17,17,PM,Afternoon,3
1718,17,18,PM,Afternoon,3
1719,17,19,PM,Afternoon,3
1720,17,20,PM,Afternoon,3
1721,17,21,PM,Afternoon,3
1722,17,22,PM,Afternoon,3
1723,17,23,PM,Afternoon,3
1724,17,24,PM,Afternoon,3
1725,17,25,PM,Afternoon,3
1726,17,26,PM,Afternoon,3
1727,17,27,PM,Afternoon,3
1728,17,28,PM,Afternoon,3
1729,17,29,PM,Afternoon,3
1730,17,30,PM,Afternoon,3
1731,17,31,PM,Afternoon,3
1732,17,32,PM,Afternoon,3
1733,17,33,PM,Afternoon,3
1734,17,34,PM,Afternoon,3
1735,17,35,PM,Afternoon,3
1736,17,36,PM,Afternoon,3
1737,17,37,PM,Afternoon,3
1738,17,38,PM,Afternoon,3
1739,17,39,PM,Afternoon,3
1740,17,40,PM,Afternoon,3
1741,17,41,PM,Afternoon,3
1742,17,42,PM,Afternoon,3
1743,17,43,PM,Afternoon,3
1744,17,44,PM,Afternoon,3
1745,17,45,PM,Afternoon,3
1746,17,46,PM,Afternoon,3
1747,17,47,PM,Afternoon,3
1748,17,48,PM,Afternoon,3
1749,17,49,PM,Afternoon,3
1750,17,50,PM,Afternoon,3
1751,17,51,PM,Afternoon,3
1752,17,52,PM,Afternoon,3
1753,17,53,PM,Afternoon,3
1754,17,54,PM,Afternoon,3
1755,17,55,PM,Afternoon,3
1756,17,56,PM,Afternoon,3
1757,17,57,PM,Afternoon,3
1758,17,58,PM,Afternoon,3
1759,17,59,PM,Afternoon,3
